{
  "$view": {
    "attributes": {
      "_id": "weather",
      "statusBar.style": "hidden",
      "bg.color": "#cdcdcd"
    },
    "actions": [],
    "controls": [
      {
        "_id": "layoutMain",
        "_type": "Layout",
        "attributes": {
          "size.w": "100%",
          "size.h": "100%",
          "visible": true,
          "bg.color": "ffffff",
          "layoutType": "float"
        },
        "controls": [
          {
            "_id": "testText2",
            "_type": "Layout",
            "attributes": {
              "color": "#ffffff",
              "size.w": "100%",
              "layoutType": "absolute",
              "align.v": "middle",
              "align.h": "center"
            },
            "controls": [
              {
                "_id": "buttonTest",
                "_type": "Button",
                "attributes": {
                  "color": "#000000",
                  "size.w": "100%",
                  "font": "FontAwesome:28",
                  "text": "fa-angle-left",
                  "text.align": "center",
                  "margin.bottom": 20
                }
              },
              {
                "_id": "testText2",
                "_type": "Image",
                "attributes": {
                  "visible": true,
                  "size.w": 60,
                  "size.h": 60,
                  "align.h": "center",
                  "image": "/images/Icon-60@3x.png",
                  "text.align": "center",
                  "margin.bottom": 20
                }
              },
              {
                "_id": "testText2",
                "_type": "Text",
                "attributes": {
                  "color": "#000000",
                  "visible": true,
                  "size.w": "100%",
                  "font": "HelveticaNeue-Medium:20",
                  "text": "ignite engine",
                  "text.align": "center"
                }
              }
            ]
          }
        ]
      }
    ],
    "datasources": []
  }
}